IdentifiantMaison,Chambres,Salon,SalleDeBainInterieure,Parking,Meuble,Jardin,Superficie_m2,DistanceRoute_m,Quartier,AgeMaison,LoyerMensuel_BIF,Salon_Bin,SalleDeBainInterieure_Bin,Parking_Bin,Meuble_Bin,Jardin_Bin,Quartier_Target,LoyerMensuel_Log1
192,1.0,Oui,Oui,Non,Non,Non,-1.5912698638627756,0.010545407550622872,Buyenzi,0.04039685799579808,199931,1,1,0,0,0,0.010427934749686295,12.205732587717069
281,4.0,Oui,Oui,Non,Non,Non,0.7014809310737394,0.6916368080148767,Kinama,0.30617232990835325,773800,1,1,0,0,0,0.002128293534244243,13.559070013571313
488,4.0,Oui,Oui,Oui,Non,Non,0.21879655319236788,-1.0847171353601224,Jabe,0.39476415387920494,1182846,1,1,1,0,0,0.002181500872600349,13.983434802390137
470,6.0,Oui,Oui,Non,Non,Oui,1.184165308955111,1.2233345869842642,Nyakabiga,-1.5542559734795327,1519435,1,1,0,0,1,0.0016361256544502618,14.23384977133382
189,3.0,Oui,Oui,Oui,Oui,Non,-0.035953535133911585,-1.507658550449408,Nyakabiga,1.280682393587722,1136929,1,1,1,1,0,0.0016361256544502618,13.943842205314132
14,5.0,Oui,Oui,Oui,Non,Non,1.304836403425454,-0.9759607714800205,Kinanira,1.7236415134419807,1786611,1,1,1,0,0,0.001998321410015587,14.395831646895852
382,2.0,Oui,Oui,Non,Non,Oui,-0.759980101955969,0.010545407550622872,Jabe,-0.13678678994590535,837956,1,1,0,0,1,0.002181500872600349,13.638722065498516
297,6.0,Oui,Oui,Oui,Non,Oui,0.05237272989077241,0.2807794333567136,Gasekebuye,0.39476415387920494,2600000,1,1,1,0,1,0.0020293031373026502,14.77102238760702
123,6.0,Oui,Oui,Non,Oui,Non,1.6802575862220763,1.1749984252597743,Ngagara,0.48335597785005663,2024510,1,1,0,1,0,0.002145738563213458,14.520838747879948
11,1.0,Oui,Oui,Non,Non,Oui,-1.7387567571043059,-1.2418096609647142,Ngagara,-1.3770723255378294,2500000,1,1,0,0,1,0.002145738563213458,14.731801689838349
259,4.0,Oui,Non,Oui,Non,Non,0.12494125749321228,1.3925111530199783,Kinanira,0.9263150977043152,1140428,1,0,1,0,0,0.001998321410015587,13.946915065371124
349,3.0,Oui,Oui,Oui,Non,Non,0.05237272989077241,-0.4321789520795105,Musaga,-1.2884805015669776,818429,1,1,1,0,0,0.0021998328127062344,13.615143149839202
377,2.0,Oui,Oui,Oui,Non,Non,-0.8538353976551246,-1.1934734992402245,Gasekebuye,-0.4911540858293122,1229262,1,1,1,0,0,0.0020293031373026502,14.021925360772464
264,3.0,Oui,Oui,Oui,Non,Non,0.044493861179650346,1.7187802446602842,Kinama,0.2175805059375015,451020,1,1,1,0,0,0.002128293534244243,13.019269180593689
364,1.0,Oui,Non,Oui,Non,Non,-1.658309360790744,0.2566113524944687,Bwiza,0.48335597785005663,258517,1,0,1,0,0,0.002013693113169553,12.462720603001555
282,5.0,Oui,Oui,Oui,Non,Oui,0.9025994218576443,-0.8309522863065512,Buyenzi,-1.3770723255378294,919685,1,1,1,0,1,0.010427934749686295,13.731787586419811
343,1.0,Oui,Oui,Oui,Non,Non,-1.416967171850058,1.440847314744468,Kiriri,0.48335597785005663,894878,1,1,1,0,0,0.001998321410015587,13.704443792586527
29,3.5216494845360824,Oui,Oui,Oui,Non,Non,-1.5108224675492137,-0.7101118819953267,Kiriri,1.7236415134419807,934995,1,1,1,0,0,0.001998321410015587,13.748297530186807
34,4.0,Oui,Oui,Oui,Non,Non,0.08471755933643131,0.010545407550622872,Kinanira,1.635049689471129,1557746,1,1,1,0,0,0.001998321410015587,14.258751104550017
363,3.5216494845360824,Oui,Oui,Non,Non,Oui,0.7819283273873014,-1.5801627930361426,Kiriri,1.1920905696168704,2164627,1,1,0,0,1,0.001998321410015587,14.587759080174841
340,6.0,Oui,Oui,Oui,Oui,Oui,1.572994391137327,0.15993902904548918,Rohero,-1.1112968536252743,2600000,1,1,1,1,1,0.002061260667023952,14.77102238760702
130,3.5216494845360824,Oui,Non,Oui,Oui,Non,-1.4705987693924327,0.0028465034408974243,Jabe,-1.6428477974503846,761904,1,0,1,1,0,0.002181500872600349,13.543577154980584
272,4.0,Oui,Oui,Non,Non,Oui,0.3528755470483044,-1.7130872377784894,Musaga,-0.048194965975053634,1055370,1,1,0,0,1,0.0021998328127062344,13.869402921842624
46,6.0,Oui,Oui,Oui,Oui,Non,2.082494567789886,0.46204003982355024,Kiriri,-0.4025622618584605,150000,1,1,1,1,0,0.001998321410015587,11.918397239722838
169,4.0,Oui,Non,Oui,Non,Oui,0.7014809310737394,1.59793984034906,Nyakabiga,0.03455162424926768,774690,1,0,1,0,1,0.0016361256544502618,13.560219519152227
502,3.0,Oui,Non,Non,Non,Oui,0.05237272989077241,-0.9397086501866531,Rohero,1.1034987456460186,1995431,1,0,0,0,1,0.002061260667023952,14.50637112621779
222,5.0,Oui,Oui,Non,Non,Non,1.0500863150991746,-1.265977741826959,Gasekebuye,1.1034987456460186,2248408,1,1,0,0,0,0.0020293031373026502,14.625733412948515
4,5.0,Oui,Oui,Oui,Oui,Oui,0.835559924929676,0.24452731206334627,Gasekebuye,0.2175805059375015,2600000,1,1,1,1,1,0.0020293031373026502,14.77102238760702
280,6.0,Oui,Oui,Non,Non,Non,1.2377969064974856,-0.14216198173257188,Nyakabiga,0.04039685799579808,1048698,1,1,0,0,0,0.0016361256544502618,13.86306090626049
409,6.0,Oui,Oui,Non,Non,Non,1.2780206046542666,-1.0968011757912448,Nyakabiga,-1.6428477974503846,1680764,1,1,0,0,0,0.0016361256544502618,14.334759604878696
147,4.0,Oui,Oui,Non,Non,Oui,0.13834915687880595,-1.2418096609647142,Nyakabiga,0.03455162424926768,1152457,1,1,0,0,1,0.0016361256544502618,13.957407610672627
395,2.0,Oui,Oui,Oui,Non,Non,-1.2158486810661533,-0.2025821838881841,Cibitoke,-0.6683377337710157,616713,1,1,1,0,0,0.002045157068062827,13.332160662197506
345,4.0,Oui,Oui,Non,Non,Non,0.2053886538067742,0.4499559993924278,Jabe,-0.31397043788760876,948691,1,1,0,0,0,0.002181500872600349,13.762839472753445
162,2.0,Oui,Oui,Oui,Oui,Oui,-0.7063485044135943,-0.6859438011330818,Kamenge,-0.4911540858293122,1066380,1,1,1,1,1,0.002181500872600349,13.879781230733673
482,3.0,Non,Oui,Non,Non,Non,-0.4247826173161276,1.0420739805174275,Jabe,-1.3770723255378294,661844,0,1,0,0,0,0.002181500872600349,13.402786668531528
73,2.0,Oui,Oui,Non,Non,Non,-0.5052300136296896,-1.3505660248448161,Gasekebuye,-0.6683377337710157,1296838,1,1,0,0,0,0.0020293031373026502,14.075440322979766
374,3.0,Oui,Oui,Oui,Non,Non,-0.6661248062568134,-1.4714064291560407,Kinanira,-0.5797459098001639,1220099,1,1,1,0,0,0.001998321410015587,14.014443380563426
105,1.0,Oui,Non,Oui,Non,Non,-1.7119409583331184,-0.49259915423512274,Bwiza,0.12898868196664978,223992,1,0,1,0,0,0.002013693113169553,12.319370080348886
404,4.0,Oui,Non,Non,Non,Non,0.12494125749321228,1.114578223104162,Nyakabiga,0.03455162424926768,978257,1,0,0,0,0,0.0016361256544502618,13.793528717907863
352,4.0,Oui,Oui,Oui,Non,Oui,0.33946764766271076,1.2837547891398764,Nyakabiga,-1.1112968536252743,1377223,1,1,1,0,1,0.0016361256544502618,14.135580436957458
119,1.0,Oui,Oui,Non,Non,Non,-1.6314935620195565,0.12368690775212185,Kinanira,0.5719478018209083,476807,1,1,0,0,0,0.001998321410015587,13.074869173116008
113,3.0,Oui,Oui,Oui,Non,Non,-0.41137471793053393,0.7762250910327337,Nyakabiga,-1.7314396214212362,719344,1,1,1,0,0,0.0016361256544502618,13.486096354721623
396,2.0,Oui,Oui,Oui,Non,Non,-0.8806511964263118,-1.0968011757912448,Kamenge,-1.2884805015669776,633512,1,1,1,0,0,0.002181500872600349,13.359035799448328
295,1.0,Oui,Non,Oui,Non,Non,-1.1622170835237786,-1.072633094929,Ngagara,1.7236415134419807,503262,1,0,1,0,0,0.002145738563213458,13.1288681752598
97,4.0,Oui,Non,Oui,Non,Non,0.3528755470483044,-1.374734105707061,Kinanira,0.7491314497626118,1661275,1,0,1,0,0,0.001998321410015587,14.32309653975243
391,1.0,Oui,Non,Oui,Non,Non,0.05237272989077241,0.010545407550622872,Nyakabiga,-1.7314396214212362,455996,1,0,1,0,0,0.0016361256544502618,13.030241509527514
498,2.0,Oui,Oui,Non,Oui,Non,-0.6259011081000324,-0.7705320841509389,Nyakabiga,1.280682393587722,1139022,1,1,0,1,0,0.0016361256544502618,13.945681435377328
160,4.0,Oui,Oui,Oui,Non,Non,0.23220445257796152,-0.10590986043920456,Kiriri,-1.0227050296544224,2600000,1,1,1,0,0,0.001998321410015587,14.77102238760702
224,1.0,Oui,Oui,Oui,Non,Non,-1.805796254032274,0.010545407550622872,Ngagara,-1.1112968536252743,516258,1,1,1,0,0,0.002145738563213458,13.154363856519463
499,5.0,Oui,Oui,Non,Non,Oui,0.7148888304593332,-1.761423399502979,Kinanira,-0.8455213817127191,1760321,1,1,0,0,1,0.001998321410015587,14.381007304825648
358,6.0,Oui,Oui,Oui,Non,Non,1.6266259886797017,0.010545407550622872,Ngagara,-1.2884805015669776,1744504,1,1,1,0,0,0.002145738563213458,14.371981405755617
298,4.0,Oui,Non,Non,Non,Non,0.3662834464338981,0.07535074602763209,Nyakabiga,-1.1112968536252743,947421,1,0,0,0,0,0.0016361256544502618,13.761499890650349
441,5.0,Oui,Oui,Oui,Oui,Oui,0.7551125286161141,1.0783261018107948,Nyakabiga,-0.22537861391675706,1597434,1,1,1,1,1,0.0016361256544502618,14.283909775830125
344,5.0,Oui,Oui,Oui,Non,Non,0.5405861384466156,1.7066962042291618,Cibitoke,-0.6683377337710157,1287255,1,1,1,0,0,0.002045157068062827,14.068023378996767
47,2.0,Oui,Non,Non,Non,Non,-0.7465722025703754,0.9695697379306928,Gasekebuye,-1.0227050296544224,902908,1,0,0,0,0,0.0020293031373026502,13.713377052127163
152,5.0,Oui,Oui,Oui,Non,Oui,1.0903100132559556,0.02701458430314231,Cibitoke,0.8377232737334636,1177720,1,1,1,0,1,0.002045157068062827,13.979091773036885
22,1.0,Oui,Non,Non,Oui,Non,-1.805796254032274,-0.14216198173257188,Bwiza,1.1920905696168704,322208,1,0,0,1,0,0.002013693113169553,12.682955682295788
260,1.0,Non,Oui,Oui,Non,Non,-1.4705987693924327,0.8487293336194685,Bwiza,-0.048194965975053634,294403,0,1,1,0,0,0.002013693113169553,12.592708252701078
68,4.0,Oui,Oui,Oui,Non,Oui,0.3796913458194917,-0.2509183456126739,Buyenzi,0.9263150977043152,678188,1,1,1,0,1,0.010427934749686295,13.427181289137835
221,6.0,Oui,Oui,Oui,Oui,Oui,1.6802575862220763,-0.8188682458754287,Kamenge,1.7236415134419807,1612959,1,1,1,1,1,0.002181500872600349,14.293581558287768
41,1.0,Oui,Non,Non,Non,Non,-1.309703976765309,-1.133053297084612,Gihosha,0.48335597785005663,567908,1,0,0,0,0,0.002163471939768941,13.249716473600486
408,6.0,Oui,Oui,Oui,Oui,Non,1.1573495101839237,-0.4563470329417554,Gihosha,1.014906921675167,2462288,1,1,1,1,0,0.002163471939768941,14.716601963078
425,1.0,Oui,Oui,Non,Oui,Oui,-1.1219933853669977,0.9695697379306928,Gasekebuye,-0.9341132056835708,1656710,1,1,0,1,1,0.0020293031373026502,14.320344869610025
270,2.0,Oui,Oui,Oui,Non,Non,-1.1219933853669977,-1.157221377946857,Gasekebuye,0.04039685799579808,1363749,1,1,1,0,0,0.0020293031373026502,14.125748816129418
9,3.0,Oui,Non,Non,Non,Oui,-0.19684832776103545,0.014930543872019867,Kinama,0.6605396257917601,544343,1,0,0,0,1,0.002128293534244243,13.207336678928382
387,2.0,Oui,Oui,Non,Non,Non,-0.5588616111720641,1.6704440829357945,Kamenge,1.7236415134419807,393758,1,1,0,0,0,0.002181500872600349,12.883494326003616
238,4.0,Oui,Oui,Oui,Non,Non,0.5271782390610219,0.010545407550622872,Nyakabiga,-1.5542559734795327,706249,1,1,1,0,0,0.0016361256544502618,13.467724561442788
490,3.5216494845360824,Oui,Oui,Non,Non,Non,-1.805796254032274,-1.3384819844136937,Musaga,-0.5797459098001639,295927,1,1,0,0,0,0.0021998328127062344,12.597871460474519
217,1.0,Non,Oui,Oui,Non,Non,-1.108585485981404,0.8487293336194685,Buyenzi,1.7236415134419807,252890,0,1,1,0,0,0.010427934749686295,12.440713844836205
48,4.0,Oui,Oui,Oui,Oui,Non,0.057901760565244,0.2203592312011014,Jabe,-0.7569295577418673,1252990,1,1,1,1,0,0.002181500872600349,14.041044051091037
334,3.0,Oui,Oui,Non,Non,Oui,0.05237272989077241,-1.4834904695871631,Nyakabiga,0.03455162424926768,1743777,1,1,0,0,1,0.0016361256544502618,14.371564581770565
1,4.0,Oui,Oui,Oui,Non,Oui,0.3662834464338981,1.4891834764689578,Rohero,-0.22537861391675706,2600000,1,1,1,0,1,0.002061260667023952,14.77102238760702
357,5.0,Oui,Oui,Oui,Non,Non,0.835559924929676,-0.29925450733716363,Kinanira,1.280682393587722,1780093,1,1,1,0,0,0.001998321410015587,14.392176729862687
223,1.0,Oui,Non,Non,Oui,Non,-1.805796254032274,-1.5680787526050202,Musaga,-0.7569295577418673,620225,1,0,0,1,0,0.0021998328127062344,13.337839206730443
117,1.0,Oui,Oui,Oui,Non,Non,-1.7119409583331184,-0.7584480437198164,Cibitoke,0.30617232990835325,405293,1,1,1,0,0,0.002045157068062827,12.912368008657822
226,3.5216494845360824,Oui,Oui,Non,Oui,Oui,1.5059548942093588,1.0179058996551826,Buyenzi,-0.4025622618584605,988040,1,1,0,1,1,0.010427934749686295,13.803479473844696
276,4.0,Oui,Oui,Oui,Non,Oui,0.08471755933643131,1.05415802094855,Jabe,1.5464578655002772,1197233,1,1,1,0,1,0.002181500872600349,13.995524454156484
304,1.0,Oui,Oui,Oui,Non,Non,-1.49741456816362,1.5616877190556926,Gasekebuye,-1.3770723255378294,688494,1,1,1,0,0,0.0020293031373026502,13.442263334960352
227,2.0,Oui,Oui,Oui,Non,Non,-0.5186379130152832,0.8608133740505909,Rohero,-1.465664149508681,1441714,1,1,1,0,0,0.002061260667023952,14.181343935129583
31,3.0,Oui,Oui,Non,Non,Non,-0.31751942223137836,1.3804271125888559,Gasekebuye,-0.4911540858293122,1203784,1,1,0,0,0,0.0020293031373026502,14.000981317476556
496,4.0,Oui,Oui,Non,Oui,Oui,0.5405861384466156,-0.5892714776841023,Kinanira,1.1920905696168704,1859845,1,1,0,1,1,0.001998321410015587,14.436004246562707
492,6.0,Oui,Oui,Non,Non,Oui,1.1975732083407047,-1.2176415801024694,Gasekebuye,1.8122333374128323,2600000,1,1,0,0,1,0.0020293031373026502,14.77102238760702
459,5.0,Oui,Oui,Oui,Non,Non,1.2914285040398603,1.5254355977623253,Jabe,-1.3770723255378294,1231964,1,1,1,0,0,0.002181500872600349,14.024121013581148
400,5.0,Oui,Oui,Oui,Non,Non,0.7551125286161141,0.5224602419791624,Rohero,-1.465664149508681,2311703,1,1,1,0,0,0.002061260667023952,14.653495472896502
385,3.0,Oui,Oui,Oui,Non,Oui,-0.22366412653222276,-1.6405829951917548,Buyenzi,1.280682393587722,594316,1,1,1,0,1,0.010427934749686295,13.295168126027242
146,1.0,Oui,Oui,Non,Non,Non,-1.5778619644771819,1.1749984252597743,Buyenzi,-0.13678678994590535,177224,1,1,0,0,0,0.010427934749686295,12.085175390723219
228,5.0,Oui,Oui,Oui,Non,Non,1.3316522021966413,-1.7735074399341018,Kinanira,1.5464578655002772,2137503,1,1,1,0,0,0.001998321410015587,14.57514935113633
506,5.0,Oui,Oui,Oui,Oui,Non,0.05237272989077241,-1.072633094929,Kamenge,-0.4025622618584605,1160062,1,1,1,1,0,0.002181500872600349,13.963984871952622
350,1.0,Oui,Oui,Non,Non,Non,-1.658309360790744,0.401619837667938,Gasekebuye,1.280682393587722,533641,1,1,0,0,0,0.0020293031373026502,13.187480481130708
81,2.0,Oui,Non,Non,Non,Non,-0.9476906933542801,1.7066962042291618,Gasekebuye,-1.5542559734795327,868643,1,0,0,0,0,0.0020293031373026502,13.674688654028289
388,2.0,Non,Oui,Non,Non,Oui,-1.2426644798373405,0.4741240802546727,Kamenge,0.30617232990835325,453508,0,1,0,0,1,0.002181500872600349,13.02477039398539
158,3.0,Oui,Oui,Non,Non,Non,-0.6124932087144388,0.5466283228414074,Kinama,1.1920905696168704,365296,1,1,0,0,0,0.002128293534244243,12.808466000321511
142,2.0,Oui,Non,Oui,Oui,Oui,-0.4918221142440959,-1.4714064291560407,Buyenzi,0.8377232737334636,693615,1,0,1,1,1,0.010427934749686295,13.449673772233156
196,3.0,Oui,Non,Oui,Non,Non,-0.34433522100256564,1.0058218592240602,Bwiza,1.635049689471129,559592,1,0,1,0,0,0.002013693113169553,13.234965012760272
140,1.0,Non,Non,Non,Non,Non,-1.5510461657059946,0.619132565428142,Buyenzi,-0.6683377337710157,136149,0,0,0,0,0,0.010427934749686295,11.821512498101905
122,1.0,Oui,Non,Oui,Non,Non,-1.7253488577187122,-1.265977741826959,Nyakabiga,-1.1112968536252743,480699,1,0,1,0,0,0.0016361256544502618,13.082998653882052
283,5.0,Oui,Oui,Oui,Non,Non,1.0098626169423934,0.8245612527572236,Kiriri,-1.2884805015669776,2600000,1,1,1,0,0,0.001998321410015587,14.77102238760702
509,6.0,Oui,Oui,Non,Non,Non,1.492546994823765,0.010545407550622872,Kinanira,1.635049689471129,1831063,1,1,0,0,0,0.001998321410015587,14.420407776623065
328,6.0,Oui,Oui,Oui,Non,Non,1.5595864917517335,1.3079228700021213,Kiriri,0.12898868196664978,2600000,1,1,1,0,0,0.001998321410015587,14.77102238760702
59,4.0,Oui,Oui,Non,Oui,Non,0.3930992452050854,0.42578791853018294,Nyakabiga,1.7236415134419807,1208719,1,1,0,1,0,0.0016361256544502618,14.005072506413722
2,5.0,Oui,Oui,Non,Oui,Non,0.9294152206288316,-1.290145822689204,Rohero,1.5464578655002772,2600000,1,1,0,1,0,0.002061260667023952,14.77102238760702
322,1.0,Oui,Oui,Oui,Non,Non,-1.148809184138185,0.4499559993924278,Gihosha,0.04039685799579808,911902,1,1,1,0,0,0.002163471939768941,13.723288903750756
406,4.0,Oui,Oui,Oui,Non,Non,0.2053886538067742,-0.6859438011330818,Nyakabiga,0.48335597785005663,1252226,1,1,1,0,0,0.0016361256544502618,14.04043412411168
366,5.0,Oui,Oui,Oui,Non,Oui,0.7148888304593332,-1.072633094929,Musaga,0.48335597785005663,1326405,1,1,1,0,1,0.0021998328127062344,14.097983586875252
257,3.0,Oui,Oui,Non,Oui,Non,-0.022545635748317933,-0.9517926906177756,Nyakabiga,1.1920905696168704,1197372,1,1,0,1,0,0.0016361256544502618,13.995640548363305
410,4.0,Oui,Oui,Oui,Non,Oui,0.6076256353745839,-1.290145822689204,Cibitoke,0.9263150977043152,1229634,1,1,1,0,1,0.002045157068062827,14.02222793534273
180,1.0,Oui,Oui,Oui,Non,Non,-1.5242303669348074,0.2566113524944687,Kiriri,0.04039685799579808,948477,1,1,1,0,0,0.001998321410015587,13.76261387357055
427,2.0,Oui,Oui,Oui,Non,Oui,-0.8404274982695309,-1.4955745100182856,Bwiza,-0.22537861391675706,550558,1,1,1,0,1,0.002013693113169553,13.218689404697196
112,3.5216494845360824,Non,Non,Oui,Non,Non,-1.229256580451747,-0.8913724884621633,Nyakabiga,1.1034987456460186,317276,0,0,1,0,0,0.0016361256544502618,12.66753048833827
267,3.5216494845360824,Oui,Non,Oui,Non,Non,-1.5778619644771819,0.24452731206334627,Rohero,-1.6428477974503846,1028667,1,0,1,0,0,0.002061260667023952,13.843775319412574
469,6.0,Oui,Oui,Oui,Non,Oui,1.6668496868364826,1.6946121637980394,Bwiza,-0.6683377337710157,1022991,1,1,1,0,1,0.002013693113169553,13.838242224766335
261,1.0,Non,Oui,Non,Non,Non,0.05237272989077241,0.7883091314638562,Kinama,0.03455162424926768,192180,0,1,0,0,0,0.002128293534244243,12.166192915272815
300,3.0,Oui,Oui,Oui,Non,Oui,-0.41137471793053393,1.440847314744468,Kinama,-1.3770723255378294,708048,1,1,1,0,1,0.002128293534244243,13.47026857932057
416,3.0,Non,Oui,Oui,Non,Oui,-0.009137736362724276,0.8728974144817133,Bwiza,-1.0227050296544224,571904,0,1,1,0,1,0.002013693113169553,13.256728172652391
448,4.0,Oui,Oui,Oui,Non,Non,0.3796913458194917,0.3532836759434483,Jabe,-0.048194965975053634,1065267,1,1,1,0,0,0.002181500872600349,13.878736968661313
13,6.0,Oui,Oui,Oui,Non,Non,1.264612705268673,0.9091495357750806,Kinama,-0.9341132056835708,765914,1,1,1,0,0,0.002128293534244243,13.548826476508099
84,6.0,Oui,Oui,Oui,Non,Oui,1.613218089294108,0.5587123632725298,Nyakabiga,0.12898868196664978,2600000,1,1,1,0,1,0.0016361256544502618,14.77102238760702
436,4.0,Oui,Non,Non,Oui,Non,-0.009137736362724276,-0.40801087121726565,Gihosha,-1.465664149508681,1678140,1,0,0,1,0,0.002163471939768941,14.333197191084565
335,6.0,Oui,Oui,Non,Non,Non,1.425507497895797,1.5254355977623253,Musaga,-0.31397043788760876,1042623,1,1,0,0,0,0.0021998328127062344,13.85725117042584
430,3.0,Oui,Oui,Oui,Non,Oui,0.12494125749321228,-0.02132157742134746,Nyakabiga,1.635049689471129,1056394,1,1,1,0,1,0.0016361256544502618,13.870372726338253
101,5.0,Oui,Oui,Non,Non,Oui,1.0232705163279872,-0.637607639408592,Cibitoke,0.9263150977043152,1067184,1,1,0,0,1,0.002045157068062827,13.880534898572453
171,4.0,Oui,Oui,Non,Oui,Oui,0.1517570562643996,-0.9517926906177756,Rohero,0.03455162424926768,2233069,1,1,0,1,1,0.002061260667023952,14.618887878293341
258,4.0,Oui,Non,Oui,Oui,Non,0.11153335810761862,-0.6980278415642043,Musaga,0.03455162424926768,1252536,1,0,1,1,0,0.0021998328127062344,14.040681652422997
194,5.0,Oui,Oui,Oui,Non,Non,0.7551125286161141,-0.7705320841509389,Musaga,1.7236415134419807,1098204,1,1,1,0,0,0.0021998328127062344,13.909187586721298
151,5.0,Oui,Oui,Oui,Non,Oui,1.2377969064974856,-0.3838427903550207,Gasekebuye,0.2175805059375015,2451878,1,1,1,0,1,0.0020293031373026502,14.71236522734916
386,2.0,Oui,Oui,Non,Non,Non,-0.5588616111720641,0.6433006462903869,Rohero,0.03455162424926768,1502898,1,1,0,0,0,0.002061260667023952,14.2229064675417
195,1.0,Oui,Oui,Oui,Non,Non,-1.7923883546466806,-0.3838427903550207,Kinama,-0.13678678994590535,315568,1,1,1,0,0,0.002128293534244243,12.662132637527378
302,1.0,Oui,Oui,Oui,Non,Non,-1.5108224675492137,-0.9155405693244082,Nyakabiga,1.5464578655002772,456328,1,1,1,0,0,0.0016361256544502618,13.03096931957492
75,6.0,Oui,Oui,Non,Non,Oui,0.05237272989077241,0.6312166058592644,Gasekebuye,1.5464578655002772,2363592,1,1,0,0,1,0.0020293031373026502,14.675693476865247
452,1.0,Non,Oui,Oui,Non,Non,-1.7119409583331184,0.010545407550622872,Bwiza,-0.31397043788760876,221451,0,1,1,0,0,0.002013693113169553,12.307961140694621
338,2.0,Oui,Oui,Oui,Non,Non,-0.6259011081000324,-0.7101118819953267,Bwiza,1.280682393587722,497616,1,1,1,0,0,0.002013693113169553,13.117585983810669
250,4.0,Oui,Oui,Oui,Non,Oui,0.3930992452050854,1.7550323659536515,Nyakabiga,0.5719478018209083,1118967,1,1,1,0,1,0.0016361256544502618,13.92791738992359
337,3.0,Oui,Oui,Oui,Non,Oui,-0.31751942223137836,1.658360042504672,Jabe,1.5464578655002772,887492,1,1,1,0,1,0.002181500872600349,13.696155912976659
178,1.0,Oui,Oui,Non,Non,Non,-1.765572555875493,-1.0605490544978775,Kamenge,0.7491314497626118,250370,1,1,0,0,0,0.002181500872600349,12.430699096804554
326,3.0,Oui,Oui,Non,Non,Non,-0.6661248062568134,-0.8792884480310409,Ngagara,-0.7569295577418673,1037226,1,1,0,0,0,0.002145738563213458,13.852061363931432
154,3.5216494845360824,Oui,Oui,Oui,Non,Non,1.0500863150991746,-0.15424602216369432,Kinama,-1.0227050296544224,876345,1,1,1,0,0,0.002128293534244243,13.68351626910453
489,5.0,Oui,Oui,Oui,Non,Oui,0.8087441261584887,-0.14216198173257188,Rohero,-0.9341132056835708,2600000,1,1,1,0,1,0.002061260667023952,14.77102238760702
291,6.0,Oui,Oui,Non,Non,Oui,1.6266259886797017,1.0783261018107948,Jabe,0.12898868196664978,1209913,1,1,0,0,1,0.002181500872600349,14.006059840666856
175,3.0,Oui,Oui,Non,Oui,Non,-0.5052300136296896,-0.5651033968218574,Kinama,-0.31397043788760876,754605,1,1,0,1,0,0.002128293534244243,13.533951037713177
262,2.0,Oui,Non,Non,Non,Non,-0.5722695105576578,1.5375196381934477,Ngagara,0.2175805059375015,629805,1,0,0,0,0,0.002145738563213458,13.353167114437596
116,2.0,Oui,Oui,Non,Oui,Oui,-0.9879143915110611,0.18410710990773407,Cibitoke,-0.31397043788760876,980090,1,1,0,1,1,0.002045157068062827,13.795400703478654
376,1.0,Oui,Oui,Oui,Non,Non,-1.3499276749220899,0.4982921611169176,Bwiza,-1.199888677596126,342357,1,1,1,0,0,0.002013693113169553,12.743612252174534
321,3.0,Oui,Non,Oui,Non,Oui,-0.6124932087144388,-1.133053297084612,Gasekebuye,0.9263150977043152,1738158,1,0,1,0,1,0.0020293031373026502,14.368337065087928
67,2.0,Non,Oui,Oui,Non,Oui,-0.9342827939686865,0.6916368080148767,Jabe,-0.5797459098001639,727436,0,1,1,0,1,0.002181500872600349,13.497282676339822
491,6.0,Oui,Oui,Oui,Oui,Non,1.14394161079833,-1.4714064291560407,Nyakabiga,0.8377232737334636,1921167,1,1,1,1,0,0.0016361256544502618,14.468443892377582
451,3.0,Oui,Oui,Oui,Non,Non,-0.6527169068712197,1.0179058996551826,Buyenzi,-0.8455213817127191,395848,1,1,1,0,0,0.010427934749686295,12.888788104386967
17,6.0,Oui,Oui,Non,Non,Non,1.5595864917517335,0.6433006462903869,Kamenge,0.2175805059375015,1020710,1,1,0,0,0,0.002181500872600349,13.83601000125132
290,4.0,Oui,Oui,Oui,Non,Non,0.2992439495059298,1.742948325522529,Kinanira,1.280682393587722,1307156,1,1,1,0,0,0.001998321410015587,14.083365107809989
232,4.0,Oui,Oui,Oui,Non,Oui,0.3662834464338981,-1.0968011757912448,Nyakabiga,-0.7569295577418673,1253462,1,1,1,0,1,0.0016361256544502618,14.041420678793424
179,6.0,Oui,Oui,Non,Non,Oui,1.8009286806924192,-1.6043308738983875,Bwiza,0.04039685799579808,1232722,1,1,0,0,1,0.002013693113169553,14.02473610159545
98,5.0,Oui,Oui,Non,Non,Oui,0.8489678243152696,0.010545407550622872,Nyakabiga,-1.3770723255378294,1709901,1,1,0,0,1,0.0016361256544502618,14.351946616895045
60,4.0,Oui,Oui,Oui,Non,Non,0.05237272989077241,0.6674687271526317,Kiriri,-0.6683377337710157,2600000,1,1,1,0,0,0.001998321410015587,14.77102238760702
63,3.0,Non,Non,Non,Oui,Oui,-0.5722695105576578,1.2837547891398764,Kiriri,-1.2884805015669776,2366166,0,0,0,1,1,0.001998321410015587,14.67678190429248
155,4.0,Oui,Oui,Oui,Non,Non,0.11153335810761862,0.3049475142189585,Bwiza,-1.7314396214212362,699138,1,1,1,0,0,0.002013693113169553,13.45760485695468
114,5.0,Oui,Oui,Oui,Oui,Non,1.1707574095695175,1.6341919616424272,Ngagara,0.03455162424926768,1788192,1,1,1,1,0,0.002145738563213458,14.396716170724748
439,4.0,Oui,Oui,Non,Non,Oui,0.057901760565244,-1.7251712782096118,Kiriri,-1.2884805015669776,2568644,1,1,0,0,1,0.001998321410015587,14.75888908047883
330,6.0,Oui,Oui,Oui,Non,Non,0.05237272989077241,0.3895357972368156,Rohero,1.4578660415294256,2600000,1,1,1,0,0,0.002061260667023952,14.77102238760702
426,4.0,Oui,Oui,Oui,Non,Non,0.43332294336186633,1.7187802446602842,Kinanira,1.5464578655002772,1266130,1,1,1,0,0,0.001998321410015587,14.051476351846466
367,3.0,Oui,Oui,Non,Non,Oui,-0.5588616111720641,0.03909862473426475,Gihosha,-0.048194965975053634,1159467,1,1,0,0,1,0.002163471939768941,13.963471837194259
299,6.0,Oui,Oui,Oui,Non,Oui,1.8411523788492001,-0.4805151138040003,Nyakabiga,-0.8455213817127191,1745877,1,1,1,0,1,0.0016361256544502618,14.372768138942675
90,5.0,Oui,Oui,Non,Non,Non,1.184165308955111,1.5375196381934477,Ngagara,-0.5797459098001639,1460564,1,1,0,0,0,0.002145738563213458,14.194333905126003
193,6.0,Oui,Oui,Oui,Non,Non,1.8277444794636064,-0.6859438011330818,Bwiza,-1.6428477974503846,856704,1,1,1,0,0,0.002013693113169553,13.660848914283884
463,5.0,Oui,Oui,Oui,Non,Non,0.9428231200144253,1.4891834764689578,Buyenzi,1.280682393587722,741104,1,1,1,0,0,0.010427934749686295,13.515897594644528
54,1.0,Oui,Oui,Non,Non,Non,-1.4705987693924327,-1.592246833467265,Nyakabiga,0.03455162424926768,492200,1,1,0,0,0,0.0016361256544502618,13.106642448631462
333,5.0,Oui,Oui,Oui,Non,Non,0.875783623086457,0.3170315546500809,Nyakabiga,0.04039685799579808,1346455,1,1,1,0,0,0.0016361256544502618,14.112986513388327
188,1.0,Non,Oui,Non,Non,Non,-1.7789804552610868,-0.06965773914583723,Musaga,1.8122333374128323,156174,0,1,0,0,0,0.0021998328127062344,11.95873245236177
336,3.0,Oui,Non,Non,Non,Non,0.11153335810761862,-0.117993900870327,Bwiza,0.12898868196664978,647110,1,0,0,0,0,0.002013693113169553,13.380273119819128
27,4.0,Oui,Oui,Oui,Non,Non,-0.04936143451950524,-0.8792884480310409,Bwiza,-0.22537861391675706,579453,1,1,1,0,0,0.002013693113169553,13.269841559836475
292,1.0,Oui,Oui,Oui,Non,Oui,-1.3365197755364961,0.5466283228414074,Gasekebuye,1.7236415134419807,900405,1,1,1,0,1,0.0020293031373026502,13.710601051697532
165,1.0,Oui,Oui,Non,Non,Non,-1.2560723792229342,-1.2297256205335918,Rohero,-0.5797459098001639,1063895,1,1,0,0,0,0.002061260667023952,13.877448199745533
237,5.0,Oui,Oui,Oui,Non,Oui,1.1171258120271428,0.010545407550622872,Nyakabiga,1.1920905696168704,887255,1,1,1,0,1,0.0016361256544502618,13.695888832954179
341,1.0,Oui,Oui,Oui,Non,Non,-1.4303750712356518,-0.08174177957695968,Cibitoke,-0.31397043788760876,511294,1,1,1,0,0,0.002045157068062827,13.144702002025557
411,3.0,Oui,Non,Non,Non,Non,-0.1566246296042545,0.6916368080148767,Kinanira,-1.5542559734795327,1074822,1,0,0,0,0,0.001998321410015587,13.88766655482462
57,2.0,Oui,Non,Non,Non,Oui,-0.5990853093288451,-0.13007794130144945,Rohero,0.39476415387920494,1588560,1,0,0,0,1,0.002061260667023952,14.278339132961648
131,3.5216494845360824,Oui,Oui,Oui,Non,Oui,0.017678062408463036,1.1629143848286518,Bwiza,-0.22537861391675706,718007,1,1,1,0,1,0.002013693113169553,13.484235990029571
353,4.0,Oui,Oui,Oui,Non,Oui,-0.009137736362724276,1.029989940086305,Cibitoke,-0.4911540858293122,1190263,1,1,1,0,1,0.002045157068062827,13.989685689222416
324,4.0,Oui,Oui,Oui,Non,Oui,0.3662834464338981,1.271670748708754,Kiriri,0.9263150977043152,2534681,1,1,1,0,1,0.001998321410015587,14.74557874335171
348,4.0,Oui,Oui,Non,Non,Non,0.05237272989077241,0.1961911503388565,Gihosha,-0.5797459098001639,1299815,1,1,0,0,0,0.002163471939768941,14.077733273952713
497,3.5216494845360824,Oui,Oui,Oui,Non,Non,-0.8270195988839373,1.59793984034906,Ngagara,-0.9341132056835708,867065,1,1,1,0,0,0.002145738563213458,13.672870377432826
434,5.0,Oui,Oui,Oui,Non,Oui,1.2109811077262984,0.7158048888771216,Cibitoke,0.8377232737334636,1313016,1,1,1,0,1,0.002045157068062827,14.087838100649707
253,4.0,Oui,Oui,Non,Non,Oui,0.6880730316881458,0.51037620154804,Kinama,1.280682393587722,728007,1,1,0,0,1,0.002128293534244243,13.498067316129433
437,4.0,Oui,Oui,Non,Non,Non,0.3126518488915235,-0.06965773914583723,Bwiza,0.7491314497626118,582680,1,1,0,0,0,0.002013693113169553,13.275395145769279
431,4.0,Oui,Oui,Oui,Non,Non,0.3260597482771171,-1.7130872377784894,Musaga,1.1920905696168704,951313,1,1,1,0,0,0.0021998328127062344,13.765599465789718
256,3.0,Oui,Non,Non,Non,Non,-0.12980883083306718,-1.0968011757912448,Kiriri,0.48335597785005663,1681668,1,0,0,0,0,0.001998321410015587,14.335297310613162
278,2.0,Oui,Non,Oui,Non,Non,-0.9074669951974992,0.010545407550622872,Kinama,-0.4911540858293122,340768,1,0,1,0,0,0.002128293534244243,12.738960107358649
454,4.0,Oui,Non,Non,Oui,Non,0.5003624402898347,-0.3717587499238983,Kinanira,-1.465664149508681,1622245,1,0,0,1,0,0.001998321410015587,14.299322166769171
285,1.0,Oui,Oui,Oui,Oui,Non,-1.7789804552610868,0.3411996355123258,Musaga,-1.465664149508681,617267,1,1,1,1,0,0.0021998328127062344,13.333058568386123
144,3.5216494845360824,Oui,Oui,Oui,Non,Oui,1.0098626169423934,0.6795527675837543,Nyakabiga,-0.31397043788760876,1663240,1,1,1,0,1,0.0016361256544502618,14.324278666496754
373,1.0,Oui,Oui,Non,Non,Non,-1.805796254032274,0.401619837667938,Gihosha,-0.5797459098001639,567593,1,1,0,0,0,0.002163471939768941,13.24916165338763
332,6.0,Oui,Oui,Oui,Non,Oui,0.05237272989077241,-1.3505660248448161,Bwiza,-1.7314396214212362,1163856,1,1,1,0,1,0.002013693113169553,13.96725004749289
475,5.0,Oui,Oui,Non,Non,Non,0.5674019372178029,1.465015395606713,Gihosha,1.1034987456460186,1633760,1,1,0,0,0,0.002163471939768941,14.306395276874184
331,6.0,Oui,Oui,Oui,Oui,Oui,1.2780206046542666,1.2837547891398764,Gasekebuye,-1.7314396214212362,2600000,1,1,1,1,1,0.0020293031373026502,14.77102238760702
423,2.0,Oui,Oui,Oui,Non,Non,-0.8270195988839373,-1.6526670356228772,Nyakabiga,1.280682393587722,667150,1,1,1,0,0,0.0016361256544502618,13.41077168608273
118,4.0,Oui,Oui,Oui,Non,Oui,0.7148888304593332,-0.10590986043920456,Kinanira,-1.1112968536252743,1915811,1,1,1,0,1,0.001998321410015587,14.46565211161316
110,3.5216494845360824,Oui,Oui,Non,Non,Non,-0.2772957240745974,1.3441749912954886,Kinanira,-0.31397043788760876,1059409,1,1,0,0,0,0.001998321410015587,13.87322270735328
481,2.0,Oui,Non,Oui,Non,Oui,-0.5990853093288451,1.767116406384774,Kinanira,-0.13678678994590535,1018714,1,0,1,0,1,0.001998321410015587,13.834052587118814
428,6.0,Oui,Oui,Oui,Non,Non,1.4523232966669841,-0.9034565288932858,Cibitoke,-1.3770723255378294,1241076,1,1,1,0,0,0.002045157068062827,14.031490108998428
42,3.0,Oui,Non,Oui,Non,Oui,-0.1834404283754418,0.4499559993924278,Gihosha,0.5719478018209083,1609464,1,0,1,0,1,0.002163471939768941,14.29141238360074
296,4.0,Oui,Oui,Non,Non,Non,0.05237272989077241,-0.2509183456126739,Kamenge,-0.9341132056835708,725340,1,1,0,0,0,0.002181500872600349,13.494397168086941
483,5.0,Oui,Oui,Non,Non,Non,0.8087441261584887,-1.133053297084612,Kiriri,0.2175805059375015,2600000,1,1,0,0,0,0.001998321410015587,14.77102238760702
163,5.0,Oui,Oui,Non,Non,Oui,0.6746651323025522,1.0783261018107948,Jabe,-0.7569295577418673,1341097,1,1,0,0,1,0.002181500872600349,14.108999239384818
32,2.0,Oui,Non,Oui,Non,Oui,-1.0147301902822485,0.3532836759434483,Nyakabiga,-0.4911540858293122,728910,1,0,1,0,1,0.0016361256544502618,13.499306918489799
315,1.0,Oui,Oui,Oui,Non,Non,-1.7521646564898994,-0.855120367168796,Kinanira,-0.6683377337710157,782756,1,1,1,0,0,0.001998321410015587,13.570577581978432
200,6.0,Oui,Oui,Oui,Non,Non,1.2109811077262984,1.465015395606713,Kiriri,-0.13678678994590535,2600000,1,1,1,0,0,0.001998321410015587,14.77102238760702
30,3.0,Oui,Oui,Non,Oui,Non,-0.25047992530341007,1.0662420613796724,Kiriri,-0.31397043788760876,2383077,1,1,0,1,0,0.001998321410015587,14.683903487395812
403,1.0,Non,Non,Oui,Non,Non,-1.5778619644771819,0.7762250910327337,Kiriri,0.6605396257917601,663181,0,0,1,0,0,0.001998321410015587,13.404804741301
239,2.0,Non,Oui,Oui,Non,Oui,-0.8538353976551246,0.010545407550622872,Ngagara,0.30617232990835325,702553,0,1,1,0,1,0.002145738563213458,13.462477545563221
369,1.0,Oui,Non,Oui,Non,Non,0.05237272989077241,-1.2297256205335918,Nyakabiga,-1.2884805015669776,471026,1,0,1,0,0,0.0016361256544502618,13.062670696196314
141,2.0,Oui,Oui,Oui,Oui,Non,-0.5856774099432515,1.0179058996551826,Ngagara,0.04039685799579808,1185706,1,1,1,1,0,0.002145738563213458,13.985849779114321
503,4.0,Oui,Oui,Non,Oui,Non,0.3930992452050854,0.42578791853018294,Nyakabiga,1.7236415134419807,1208719,1,1,0,1,0,0.0016361256544502618,14.005072506413722
231,6.0,Oui,Oui,Oui,Non,Oui,1.881376077005981,-1.3263979439825713,Ngagara,-0.4025622618584605,1877765,1,1,1,0,1,0.002145738563213458,14.445593330348062
95,4.0,Oui,Oui,Oui,Non,Oui,0.5808098366033966,-1.4230702674315507,Kinama,-0.7569295577418673,958924,1,1,1,0,1,0.002128293534244243,13.773568144342223
246,3.0,Oui,Oui,Non,Non,Oui,-0.5320458124008769,-1.2297256205335918,Ngagara,-1.5542559734795327,1208660,1,1,0,0,1,0.002145738563213458,14.005023693256001
474,1.0,Oui,Oui,Oui,Non,Non,-1.457190870006839,0.010545407550622872,Bwiza,-0.5797459098001639,365056,1,1,1,0,0,0.002013693113169553,12.807808784755803
120,4.0,Oui,Non,Non,Non,Oui,0.5808098366033966,-1.2538937013958367,Nyakabiga,0.2175805059375015,1094619,1,0,0,0,1,0.0016361256544502618,13.90591782903974
183,3.0,Oui,Oui,Non,Non,Non,-0.6124932087144388,1.247502667846509,Rohero,-1.2884805015669776,1690726,1,1,0,0,0,0.002061260667023952,14.340669171914229
487,6.0,Oui,Oui,Non,Non,Non,1.69366548560767,-1.133053297084612,Rohero,1.1920905696168704,2562145,1,1,0,0,0,0.002061260667023952,14.756355746544253
236,6.0,Oui,Oui,Non,Non,Non,1.9081918757771685,-0.335506628630531,Ngagara,0.39476415387920494,1985966,1,1,0,0,0,0.002145738563213458,14.501616507135003
38,3.0,Oui,Non,Oui,Non,Non,-0.23707202591781643,0.3895357972368156,Bwiza,-1.0227050296544224,580812,1,0,1,0,0,0.002013693113169553,13.27218412516234
504,5.0,Oui,Oui,Oui,Non,Oui,1.2377969064974856,-0.3838427903550207,Gasekebuye,0.2175805059375015,2451878,1,1,1,0,1,0.0020293031373026502,14.71236522734916
83,4.0,Oui,Oui,Oui,Non,Non,0.6880730316881458,-0.2509183456126739,Rohero,-0.4025622618584605,2571093,1,1,1,0,0,0.002061260667023952,14.75984204722883
268,2.0,Oui,Oui,Oui,Non,Non,-0.5186379130152832,1.440847314744468,Kiriri,0.8377232737334636,1448038,1,1,1,0,0,0.001998321410015587,14.185720785266751
35,6.0,Oui,Oui,Non,Non,Non,1.8009286806924192,-0.5167672350973677,Kinama,-0.6683377337710157,999984,1,1,0,0,0,0.002128293534244243,13.815495557851772
91,2.0,Oui,Oui,Oui,Non,Non,0.05237272989077241,-1.072633094929,Nyakabiga,1.014906921675167,853351,1,1,1,0,0,0.0016361256544502618,13.656927402548382
501,4.0,Oui,Oui,Oui,Non,Oui,0.05237272989077241,1.029989940086305,Cibitoke,-0.4911540858293122,1190263,1,1,1,0,1,0.002045157068062827,13.989685689222416
422,2.0,Oui,Oui,Oui,Non,Oui,-0.5990853093288451,0.010545407550622872,Kiriri,-0.4025622618584605,2291921,1,1,1,0,1,0.001998321410015587,14.644901324824072
219,2.0,Oui,Non,Non,Oui,Oui,-0.9074669951974992,-1.2176415801024694,Buyenzi,-1.7314396214212362,598488,1,0,0,1,1,0.010427934749686295,13.302163424529727
461,1.0,Oui,Oui,Oui,Non,Non,-1.148809184138185,-0.3717587499238983,Kinanira,0.12898868196664978,919045,1,1,1,0,0,0.001998321410015587,13.731091454492109
323,1.0,Oui,Oui,Oui,Non,Non,0.05237272989077241,0.9937378187929378,Jabe,1.1920905696168704,481866,1,1,1,0,0,0.002181500872600349,13.085423421346096
273,2.0,Oui,Oui,Non,Non,Non,-1.068361787824623,-0.553019356390735,Rohero,0.12898868196664978,1224926,1,1,0,0,0,0.002061260667023952,14.018391808348566
444,3.0,Oui,Non,Oui,Non,Oui,0.12494125749321228,0.7883091314638562,Gihosha,1.014906921675167,1318338,1,0,1,0,1,0.002163471939768941,14.091883168863054
210,2.0,Oui,Oui,Non,Non,Oui,-1.028138089667842,-0.16633006259481678,Kinanira,-0.6683377337710157,924635,1,1,0,0,1,0.001998321410015587,13.737155425534288
242,3.0,Oui,Non,Oui,Non,Non,-0.39796681854494026,-1.2176415801024694,Musaga,-0.048194965975053634,606926,1,0,1,0,0,0.0021998328127062344,13.316163799217957
480,4.0,Oui,Oui,Non,Non,Non,0.7014809310737394,-0.9397086501866531,Buyenzi,-0.9341132056835708,549844,1,1,0,0,0,0.010427934749686295,13.21739169930863
124,5.0,Oui,Oui,Oui,Non,Oui,0.7819283273873014,-0.553019356390735,Nyakabiga,0.03455162424926768,1515492,1,1,1,0,1,0.0016361256544502618,14.231251356531683
52,2.0,Oui,Non,Non,Non,Non,-1.108585485981404,-1.3626500652759386,Kamenge,1.280682393587722,363444,1,0,0,0,0,0.002181500872600349,12.803383257767663
473,5.0,Oui,Oui,Oui,Non,Non,0.5674019372178029,0.8003931718949786,Gihosha,0.2175805059375015,1914672,1,1,1,0,0,0.002163471939768941,14.46505740883606
20,4.0,Oui,Oui,Oui,Non,Non,-0.009137736362724276,-1.61641491432951,Cibitoke,0.9263150977043152,889998,1,1,1,0,0,0.002045157068062827,13.698975618112186
206,2.0,Non,Oui,Oui,Non,Non,-0.759980101955969,-0.045489658283592346,Kinama,-1.465664149508681,482399,0,1,1,0,0,0.002128293534244243,13.086528924395113
347,3.0,Oui,Non,Non,Oui,Non,0.057901760565244,-0.7705320841509389,Jabe,0.03455162424926768,1054671,1,0,0,1,0,0.002181500872600349,13.868740376078799
438,5.0,Oui,Oui,Oui,Oui,Non,0.5808098366033966,1.029989940086305,Gasekebuye,0.2175805059375015,2580300,1,1,1,1,0,0.0020293031373026502,14.763416616759441
125,3.0,Oui,Oui,Oui,Non,Non,-0.5186379130152832,-0.7826161245820613,Kinama,1.635049689471129,656963,1,1,1,0,0,0.002128293534244243,13.395384501444925
466,2.0,Non,Oui,Non,Non,Non,-1.068361787824623,-0.6255235989774696,Cibitoke,-0.048194965975053634,435552,0,1,0,0,0,0.002045157068062827,12.984371767066275
412,4.0,Oui,Oui,Non,Non,Oui,0.43332294336186633,1.4287632743133456,Cibitoke,-1.1112968536252743,1234057,1,1,0,0,1,0.002045157068062827,14.025818483963674
44,3.0,Oui,Oui,Oui,Non,Oui,-0.6393090074856261,-1.1088852162223672,Musaga,-0.22537861391675706,784573,1,1,1,0,1,0.0021998328127062344,13.572896174303851
354,6.0,Oui,Oui,Non,Non,Oui,1.6400338880652954,-1.7735074399341018,Rohero,0.5719478018209083,2600000,1,1,0,0,1,0.002061260667023952,14.77102238760702
108,3.0,Oui,Oui,Oui,Non,Non,-0.21025622714662912,0.0028465034408974243,Gasekebuye,-0.048194965975053634,1551433,1,1,1,0,0,0.0020293031373026502,14.254690222487818
115,2.0,Oui,Non,Oui,Non,Non,-0.9476906933542801,1.0783261018107948,Gihosha,-0.6683377337710157,881102,1,0,1,0,0,0.002163471939768941,13.68892981068389
389,1.0,Oui,Oui,Oui,Non,Oui,-1.0951775865958104,0.06326670559650964,Kinama,-0.31397043788760876,400447,1,1,1,0,1,0.002128293534244243,12.900339199358035
476,5.0,Oui,Oui,Oui,Non,Non,0.8891915224720507,-0.7947001650131837,Gasekebuye,-0.22537861391675706,2264817,1,1,1,0,0,0.0020293031373026502,14.633004960469897
184,6.0,Oui,Oui,Oui,Non,Non,1.5193627935949525,0.6916368080148767,Buyenzi,0.12898868196664978,693275,1,1,1,0,0,0.010427934749686295,13.449183467282502
86,4.0,Oui,Oui,Oui,Oui,Non,0.4199150439762727,1.6100238807801823,Gihosha,0.03455162424926768,1894478,1,1,1,1,0,0.002163471939768941,14.454454424660433
148,5.0,Oui,Oui,Non,Non,Non,1.2914285040398603,1.1629143848286518,Cibitoke,-1.0227050296544224,1323166,1,1,0,0,0,0.002045157068062827,14.09553866340006
136,5.0,Oui,Oui,Oui,Non,Non,1.2377969064974856,-0.335506628630531,Gasekebuye,1.014906921675167,2435903,1,1,1,0,0,0.0020293031373026502,14.70582849816838
455,2.0,Oui,Oui,Oui,Oui,Non,-0.6393090074856261,1.3804271125888559,Kinama,-1.465664149508681,770113,1,1,1,1,0,0.002128293534244243,13.55429383481931
166,5.0,Oui,Oui,Non,Non,Non,0.6880730316881458,1.1508303443975294,Bwiza,-1.1112968536252743,784084,1,1,0,0,0,0.002013693113169553,13.572272711823045
308,2.0,Oui,Oui,Non,Non,Non,-1.2024407816805596,1.2958388295709988,Nyakabiga,1.7236415134419807,436094,1,1,0,0,0,0.0016361256544502618,12.98561538850487
309,2.0,Non,Oui,Oui,Oui,Non,-1.0415459890534358,0.18410710990773407,Rohero,0.8377232737334636,1660346,0,1,1,1,0,0.002061260667023952,14.322537174632293
472,5.0,Oui,Oui,Oui,Oui,Non,0.8623757237008634,-1.205557539671347,Musaga,-0.7569295577418673,1488004,1,1,1,1,0,0.0021998328127062344,14.212946854584583
420,5.0,Oui,Oui,Oui,Oui,Non,0.7282967298449268,0.41370387809906045,Ngagara,-1.199888677596126,1734567,1,1,1,1,0,0.002145738563213458,14.366268949005136
305,5.0,Oui,Oui,Oui,Oui,Non,0.7014809310737394,0.6553846867215093,Bwiza,-1.0227050296544224,934177,1,1,1,1,0,0.002013693113169553,13.747422277211728
94,1.0,Oui,Oui,Oui,Non,Non,-1.6449014614051503,1.05415802094855,Kinanira,-1.5542559734795327,718058,1,1,1,0,0,0.001998321410015587,13.48430701735632
176,2.0,Oui,Oui,Non,Oui,Non,-0.7465722025703754,0.5224602419791624,Kiriri,1.1034987456460186,1821920,1,1,0,1,0,0.001998321410015587,14.4154019969158
284,3.0,Oui,Oui,Non,Non,Non,-0.330927321616972,-1.7855914803652242,Kinanira,0.2175805059375015,1019019,1,1,0,0,0,0.001998321410015587,13.834351939097632
72,6.0,Oui,Oui,Oui,Non,Oui,1.184165308955111,-0.5771874372529798,Kiriri,0.39476415387920494,2600000,1,1,1,0,1,0.001998321410015587,14.77102238760702
3,3.0,Oui,Oui,Non,Non,Oui,-0.1834404283754418,-1.3143139035514488,Kinanira,0.30617232990835325,1069218,1,1,0,0,1,0.001998321410015587,13.882439033384559
71,6.0,Oui,Oui,Non,Non,Non,1.224389007111892,-0.3475906690616534,Nyakabiga,-1.1112968536252743,1365310,1,1,0,0,0,0.0016361256544502618,14.126892799477712
168,4.0,Oui,Oui,Non,Non,Oui,0.057901760565244,-0.26300238604379633,Kamenge,0.5719478018209083,772010,1,1,0,0,1,0.002181500872600349,13.556754077610064
485,1.0,Oui,Oui,Oui,Non,Non,-1.6449014614051503,0.51037620154804,Cibitoke,0.39476415387920494,354049,1,1,1,0,0,0.002045157068062827,12.77719342507992
128,3.0,Oui,Non,Oui,Non,Non,-0.3041115228457847,-1.592246833467265,Nyakabiga,0.39476415387920494,969147,1,0,1,0,0,0.0016361256544502618,13.784172613988256
76,5.0,Oui,Oui,Oui,Non,Oui,1.1305337114127365,-1.5559947121738977,Cibitoke,1.5464578655002772,1604301,1,1,1,0,1,0.002045157068062827,14.28819932898802
24,2.0,Oui,Oui,Non,Non,Oui,0.05237272989077241,-0.27508642647491877,Kinanira,0.12898868196664978,1051769,1,1,0,0,1,0.001998321410015587,13.865985017197804
230,2.0,Oui,Oui,Non,Oui,Non,-0.9476906933542801,0.6795527675837543,Kinanira,-1.0227050296544224,1183943,1,1,0,1,0,0.001998321410015587,13.984361796010239
325,3.0,Oui,Oui,Non,Non,Non,0.044493861179650346,0.010545407550622872,Kamenge,0.39476415387920494,638560,1,1,0,0,0,0.002181500872600349,13.366972486304888
79,4.0,Oui,Oui,Oui,Non,Non,0.6746651323025522,-0.7947001650131837,Nyakabiga,-1.5542559734795327,1274350,1,1,1,0,0,0.0016361256544502618,14.057947587372361
255,2.0,Oui,Oui,Oui,Non,Non,-0.6527169068712197,-1.459322388724918,Cibitoke,1.8122333374128323,654254,1,1,1,0,0,0.002045157068062827,13.391252462701745
494,4.0,Oui,Oui,Oui,Non,Non,0.08471755933643131,-1.6526670356228772,Gasekebuye,-0.5797459098001639,1967570,1,1,1,0,0,0.0020293031373026502,14.492310345026663
8,3.5216494845360824,Oui,Oui,Non,Non,Oui,-0.6124932087144388,1.1508303443975294,Jabe,-0.8455213817127191,824889,1,1,0,0,1,0.002181500872600349,13.623005323093805
107,3.0,Non,Oui,Non,Non,Oui,-0.34433522100256564,-1.3384819844136937,Nyakabiga,-0.6683377337710157,1243624,0,1,0,0,1,0.0016361256544502618,14.033541059891661
248,5.0,Oui,Oui,Non,Non,Oui,1.0232705163279872,0.619132565428142,Ngagara,-1.3770723255378294,1675700,1,1,0,0,1,0.002145738563213458,14.331742143154168
486,5.0,Oui,Oui,Oui,Oui,Oui,0.9025994218576443,-0.6859438011330818,Rohero,0.6605396257917601,2600000,1,1,1,1,1,0.002061260667023952,14.77102238760702
156,5.0,Oui,Oui,Oui,Non,Oui,0.9428231200144253,1.682528123366917,Nyakabiga,1.280682393587722,1466574,1,1,1,0,1,0.0016361256544502618,14.198440308267173
202,4.0,Oui,Oui,Non,Non,Oui,0.33946764766271076,0.37745175680569315,Buyenzi,0.6605396257917601,580183,1,1,0,0,1,0.010427934749686295,13.271100573591506
10,5.0,Oui,Oui,Oui,Oui,Non,0.9830468181712062,-0.4684310733728778,Kiriri,1.014906921675167,2600000,1,1,1,1,0,0.001998321410015587,14.77102238760702
266,1.0,Oui,Oui,Non,Non,Non,-1.6717172601763375,-1.0605490544978775,Kiriri,0.39476415387920494,859665,1,1,0,0,0,0.001998321410015587,13.664299220700693
277,1.0,Oui,Oui,Oui,Non,Non,-1.5644540650915884,-0.6738597607019594,Rohero,-0.4911540858293122,1077747,1,1,1,0,0,0.002061260667023952,13.890384236889728
88,6.0,Oui,Oui,Oui,Non,Non,1.4523232966669841,-1.5318266313116529,Gasekebuye,-1.1112968536252743,2600000,1,1,1,0,0,0.0020293031373026502,14.77102238760702
275,4.0,Oui,Oui,Non,Non,Oui,0.43332294336186633,-1.3263979439825713,Nyakabiga,1.1034987456460186,1146731,1,1,0,0,1,0.0016361256544502618,13.952426715802545
443,3.5216494845360824,Oui,Oui,Oui,Oui,Non,1.3584680009678285,0.37745175680569315,Cibitoke,0.03455162424926768,1702764,1,1,1,1,0,0.002045157068062827,14.34776395834387
212,1.0,Oui,Oui,Oui,Non,Non,-1.805796254032274,-1.7372553186407342,Nyakabiga,-0.31397043788760876,501563,1,1,1,0,0,0.0016361256544502618,13.125486495390305
471,1.0,Non,Oui,Non,Non,Non,-1.1354012847525914,1.5254355977623253,Kinanira,-1.0227050296544224,538675,0,1,0,0,0,0.001998321410015587,13.196869555977635
61,3.5216494845360824,Oui,Oui,Non,Non,Oui,0.1517570562643996,1.3320909508643661,Kinanira,-0.31397043788760876,1578234,1,1,0,0,1,0.001998321410015587,14.27181769198702
56,5.0,Oui,Oui,Non,Non,Non,0.5539940378322092,0.0028465034408974243,Musaga,-1.465664149508681,919586,1,1,0,0,0,0.0021998328127062344,13.731679935190119
82,6.0,Oui,Oui,Oui,Non,Non,1.4120995985102032,-0.9759607714800205,Buyenzi,1.1920905696168704,716607,1,1,1,0,0,0.010427934749686295,13.48228424761987
252,3.0,Oui,Non,Non,Non,Non,-0.41137471793053393,0.7399729697393664,Kiriri,-0.4911540858293122,2190088,1,0,0,0,0,0.001998321410015587,14.599452740236337
6,2.0,Non,Oui,Oui,Non,Oui,-1.148809184138185,0.2203592312011014,Gihosha,-1.6428477974503846,1047467,0,1,1,0,1,0.002163471939768941,13.861886381385787
89,3.5216494845360824,Oui,Oui,Oui,Non,Oui,0.9964547175567999,0.03909862473426475,Nyakabiga,-1.2884805015669776,1743130,1,1,1,0,1,0.0016361256544502618,14.371193479451907
312,5.0,Oui,Oui,Non,Non,Oui,1.1573495101839237,-0.963876731048898,Jabe,-0.7569295577418673,1553092,1,1,0,0,1,0.002181500872600349,14.255758984433143
384,2.0,Oui,Oui,Non,Non,Non,-0.5052300136296896,0.1961911503388565,Kamenge,1.3692742175585737,382743,1,1,0,0,0,0.002181500872600349,12.85512163736832
93,2.0,Oui,Oui,Oui,Non,Non,-0.8002038001127499,0.03909862473426475,Kinama,-0.9341132056835708,705524,1,1,1,0,0,0.002128293534244243,13.466697485508261
316,4.0,Oui,Non,Non,Non,Oui,0.6746651323025522,-1.7493393590718567,Kiriri,-1.1112968536252743,2600000,1,0,0,0,1,0.001998321410015587,14.77102238760702
145,3.0,Oui,Oui,Oui,Non,Oui,0.03108596179405669,0.20827519076997894,Cibitoke,1.7236415134419807,827999,1,1,1,0,1,0.002045157068062827,13.626768433367397
249,3.0,Oui,Oui,Oui,Oui,Oui,-0.19684832776103545,1.2112505465531418,Kinama,-1.5542559734795327,951743,1,1,1,1,1,0.002128293534244243,13.766051370048356
161,2.0,Oui,Oui,Oui,Non,Non,-0.8940590958119056,1.1629143848286518,Musaga,1.014906921675167,494778,1,1,1,0,0,0.0021998328127062344,13.111866477209349
199,3.0,Non,Non,Oui,Non,Oui,-0.19684832776103545,-0.033405617852469906,Cibitoke,-1.2884805015669776,885755,0,0,1,0,1,0.002045157068062827,13.694196796625182
500,4.0,Oui,Oui,Oui,Non,Non,0.27242815073474247,0.8849814549128358,Nyakabiga,-0.8455213817127191,1294312,1,1,1,0,0,0.0016361256544502618,14.073490610419338
311,3.0,Oui,Non,Oui,Non,Oui,-0.6124932087144388,-1.5439106717427753,Cibitoke,0.6605396257917601,951831,1,0,1,0,1,0.002045157068062827,13.7661438276125
106,4.0,Oui,Oui,Oui,Non,Oui,0.23220445257796152,-1.3868181461381834,Jabe,-1.465664149508681,1214330,1,1,1,0,1,0.002181500872600349,14.00970386582747
317,1.0,Oui,Non,Oui,Non,Non,-1.4840066687780264,-0.35967470949277586,Kamenge,0.6605396257917601,332640,1,0,1,0,0,0.002181500872600349,12.714819109340327
243,1.0,Oui,Oui,Oui,Non,Non,-1.6717172601763375,0.1116028673209994,Ngagara,1.7236415134419807,364323,1,1,1,0,0,0.002145738563213458,12.805798860596099
187,5.0,Oui,Oui,Oui,Oui,Non,0.7819283273873014,1.59793984034906,Buyenzi,-1.1112968536252743,1125333,1,1,1,1,0,0.010427934749686295,13.93359043844676
458,3.5216494845360824,Oui,Oui,Oui,Non,Oui,-0.6527169068712197,0.8728974144817133,Kinanira,-0.13678678994590535,1089805,1,1,1,0,1,0.001998321410015587,13.901510256713337
453,3.0,Non,Oui,Oui,Non,Oui,-0.10299303206187986,0.8849814549128358,Bwiza,0.03455162424926768,569075,0,1,1,0,1,0.002013693113169553,13.251769271851668
289,3.0,Non,Oui,Oui,Oui,Oui,-0.3041115228457847,-1.0605490544978775,Nyakabiga,0.03455162424926768,1531501,0,1,1,1,1,0.0016361256544502618,14.241759511163353
28,1.0,Oui,Non,Oui,Oui,Non,-1.229256580451747,0.29286347378783606,Buyenzi,-0.7569295577418673,522789,1,0,1,1,0,0.010427934749686295,13.16693513277574
104,3.5216494845360824,Oui,Oui,Non,Oui,Oui,-1.148809184138185,-1.7372553186407342,Gasekebuye,0.03455162424926768,1651976,1,1,0,1,1,0.0020293031373026502,14.317483310447981
279,1.0,Oui,Oui,Oui,Non,Non,-1.1756249829093723,0.6553846867215093,Musaga,0.39476415387920494,408430,1,1,1,0,0,0.0021998328127062344,12.920078268366469
99,1.0,Oui,Oui,Oui,Non,Non,-1.5778619644771819,0.32911559508120336,Jabe,0.39476415387920494,482350,1,1,1,0,0,0.002181500872600349,13.086427343779924
456,2.0,Oui,Non,Oui,Non,Non,-1.1354012847525914,0.6916368080148767,Bwiza,-0.31397043788760876,286840,1,0,1,0,0,0.002013693113169553,12.566683334254554
505,2.0,Oui,Oui,Non,Non,Non,-0.5186379130152832,0.8608133740505909,Rohero,-1.465664149508681,1441714,1,1,0,0,0,0.002061260667023952,14.181343935129583
234,3.0,Oui,Non,Oui,Oui,Non,0.03108596179405669,-0.21466622431930654,Bwiza,0.30617232990835325,648210,1,0,1,1,0,0.002013693113169553,13.38197153961656
368,4.0,Oui,Non,Oui,Oui,Non,0.5405861384466156,1.5254355977623253,Kamenge,-1.2884805015669776,1046949,1,0,1,1,0,0.002181500872600349,13.861391733220463
153,3.0,Oui,Non,Non,Non,Oui,0.05237272989077241,-0.9397086501866531,Rohero,1.1034987456460186,1995431,1,0,0,0,1,0.002061260667023952,14.50637112621779
245,4.0,Oui,Non,Non,Non,Non,0.2053886538067742,0.6916368080148767,Buyenzi,-0.13678678994590535,493603,1,0,0,0,0,0.010427934749686295,13.109488855268195
401,4.0,Oui,Non,Oui,Non,Oui,0.5674019372178029,-0.08174177957695968,Bwiza,0.03455162424926768,867405,1,0,1,0,1,0.002013693113169553,13.673262427583367
55,2.0,Oui,Non,Oui,Non,Non,-0.6661248062568134,-1.048465014066755,Rohero,1.635049689471129,1328618,1,0,1,0,0,0.002061260667023952,14.099650614878747
465,2.0,Oui,Non,Non,Non,Oui,-0.5588616111720641,-1.676835116485122,Kamenge,-1.7314396214212362,635416,1,0,0,0,1,0.002181500872600349,13.362036755259776
320,4.0,Oui,Oui,Non,Non,Non,0.5271782390610219,0.812477212326101,Nyakabiga,1.635049689471129,832796,1,1,0,0,0,0.0016361256544502618,13.632545193970932
254,3.0,Oui,Oui,Oui,Non,Non,-0.43819051670172127,-1.2780617822580815,Kamenge,-0.7569295577418673,742264,1,1,1,0,0,0.002181500872600349,13.51746160124633
204,6.0,Oui,Oui,Oui,Non,Non,1.7204812843788573,-1.1209692566534897,Kamenge,1.5464578655002772,987010,1,1,1,0,0,0.002181500872600349,13.802436463237001
380,3.0,Oui,Oui,Oui,Non,Non,-0.26388782468900374,-1.205557539671347,Cibitoke,-0.31397043788760876,877121,1,1,1,0,0,0.002045157068062827,13.68440137228367
78,2.0,Oui,Oui,Non,Non,Oui,-0.8940590958119056,-0.49259915423512274,Jabe,0.8377232737334636,623723,1,1,0,0,1,0.002181500872600349,13.343463241812357
50,4.0,Oui,Non,Oui,Non,Oui,0.5137703396754283,1.2354186274153867,Kamenge,-0.13678678994590535,772553,1,0,1,0,1,0.002181500872600349,13.557457188223564
137,2.0,Non,Oui,Oui,Non,Non,-1.2158486810661533,-0.14216198173257188,Kiriri,0.7491314497626118,1117990,0,1,1,0,0,0.001998321410015587,13.927043882575333
233,3.0,Oui,Oui,Oui,Oui,Non,-0.17003252898984814,-1.0605490544978775,Kinama,0.9263150977043152,864449,1,1,1,1,0,0.002128293534244243,13.669848745532923
12,3.0,Oui,Non,Oui,Non,Non,-0.26388782468900374,-1.048465014066755,Buyenzi,1.5464578655002772,459826,1,0,1,0,0,0.010427934749686295,13.03860561077032
43,5.0,Oui,Oui,Oui,Oui,Oui,0.6880730316881458,1.3079228700021213,Nyakabiga,0.04039685799579808,1584595,1,1,1,1,1,0.0016361256544502618,14.27584004321374
365,6.0,Oui,Oui,Oui,Non,Non,1.4120995985102032,-0.9155405693244082,Ngagara,-1.3770723255378294,1780867,1,1,1,0,0,0.002145738563213458,14.39261144385974
7,3.0,Non,Oui,Non,Oui,Oui,0.044493861179650346,-1.3384819844136937,Kamenge,0.9263150977043152,945838,0,1,0,1,1,0.002181500872600349,13.759827643275166
402,2.0,Oui,Non,Oui,Oui,Non,-0.6527169068712197,0.010545407550622872,Nyakabiga,-0.4025622618584605,2494708,1,0,1,1,0,0.0016361256544502618,14.729682647099034
208,4.0,Oui,Oui,Oui,Non,Non,0.057901760565244,0.534544282410285,Kinama,0.48335597785005663,655523,1,1,1,0,0,0.002128293534244243,13.393190194787953
190,3.5216494845360824,Oui,Oui,Oui,Oui,Non,1.733889183764451,0.07535074602763209,Kiriri,-0.8455213817127191,2600000,1,1,1,1,0,0.001998321410015587,14.77102238760702
186,4.0,Oui,Non,Oui,Oui,Non,0.43332294336186633,-0.39592683078614316,Kinama,1.4578660415294256,902442,1,0,1,1,0,0.002128293534244243,13.712860809299892
421,6.0,Oui,Oui,Non,Non,Non,1.492546994823765,-0.7221959224264491,Kinanira,1.635049689471129,1831063,1,1,0,0,0,0.001998321410015587,14.420407776623065
87,1.0,Oui,Non,Oui,Non,Non,-1.765572555875493,1.0179058996551826,Nyakabiga,-1.1112968536252743,429276,1,0,1,0,0,0.0016361256544502618,12.969857677189262
288,3.5216494845360824,Oui,Oui,Non,Oui,Non,-0.009137736362724276,0.8970654953439582,Gasekebuye,0.04039685799579808,2046104,1,1,0,1,0,0.0020293031373026502,14.531448543824995
37,6.0,Oui,Oui,Non,Non,Oui,1.9350076745483558,1.6221079212113048,Bwiza,1.014906921675167,1103996,1,1,0,0,1,0.002013693113169553,13.914447788424182
271,3.0,Oui,Oui,Oui,Non,Oui,-0.5454537117864705,0.010545407550622872,Gihosha,0.39476415387920494,1521360,1,1,1,0,1,0.002163471939768941,14.235115886932562
313,1.0,Oui,Oui,Oui,Oui,Non,-1.5510461657059946,0.010545407550622872,Gihosha,1.635049689471129,1134781,1,1,1,1,0,0.002163471939768941,13.941951119965161
159,6.0,Oui,Oui,Oui,Non,Non,1.5998101899085144,0.3049475142189585,Nyakabiga,-0.4025622618584605,1028999,1,1,1,0,0,0.0016361256544502618,13.844098014816186
127,6.0,Oui,Oui,Non,Non,Non,1.224389007111892,-0.5046831946662451,Rohero,0.6605396257917601,2600000,1,1,0,0,0,0.002061260667023952,14.77102238760702
111,3.0,Oui,Oui,Oui,Oui,Oui,-0.4515984160873149,-0.7584480437198164,Nyakabiga,1.3692742175585737,1375994,1,1,1,1,1,0.0016361256544502618,14.134687663747894
197,2.0,Oui,Non,Non,Non,Non,-0.6795327056424071,0.010545407550622872,Bwiza,0.6605396257917601,360162,1,0,0,0,0,0.002013693113169553,12.794311985737142
18,6.0,Oui,Oui,Oui,Non,Oui,1.14394161079833,-1.072633094929,Cibitoke,-0.31397043788760876,1667009,1,1,1,0,1,0.002045157068062827,14.326542160515178
269,6.0,Oui,Oui,Oui,Non,Oui,1.2780206046542666,1.4166792338822232,Nyakabiga,-1.5542559734795327,1782047,1,1,1,0,1,0.0016361256544502618,14.39327382267706
25,6.0,Oui,Oui,Non,Non,Oui,1.345060101582235,1.5133515573312029,Ngagara,-0.6683377337710157,2068140,1,1,0,0,1,0.002145738563213458,14.542160694104364
507,5.0,Oui,Oui,Non,Non,Oui,1.0232705163279872,0.619132565428142,Ngagara,-1.3770723255378294,1675700,1,1,0,0,1,0.002145738563213458,14.331742143154168
419,6.0,Oui,Oui,Non,Non,Non,1.532770692980546,0.07535074602763209,Kiriri,-1.1112968536252743,2600000,1,1,0,0,0,0.001998321410015587,14.77102238760702
397,3.0,Oui,Oui,Non,Oui,Non,-0.2772957240745974,0.010545407550622872,Cibitoke,-0.5797459098001639,1060181,1,1,0,1,0,0.002045157068062827,13.873951149463023
182,1.0,Oui,Oui,Oui,Non,Non,-1.805796254032274,1.2233345869842642,Kiriri,0.2175805059375015,812126,1,1,1,0,0,0.001998321410015587,13.60741201085488
265,4.0,Oui,Oui,Non,Non,Non,0.05237272989077241,1.1508303443975294,Gasekebuye,-1.7314396214212362,1796479,1,1,0,0,0,0.0020293031373026502,14.4013397527156
303,3.0,Oui,Oui,Non,Oui,Oui,-0.035953535133911585,0.6916368080148767,Gihosha,0.7491314497626118,1928433,1,1,0,1,1,0.002163471939768941,14.472218832555024
216,3.0,Oui,Non,Non,Non,Oui,-0.3041115228457847,1.7187802446602842,Gasekebuye,1.280682393587722,1599599,1,0,0,0,1,0.0020293031373026502,14.2852641559548
457,5.0,Oui,Oui,Non,Non,Oui,1.2109811077262984,-0.661775720270837,Cibitoke,1.8122333374128323,1329786,1,1,0,0,1,0.002045157068062827,14.100529336996555
375,2.0,Oui,Oui,Oui,Oui,Non,-0.6259011081000324,0.5707964037036523,Musaga,-0.6683377337710157,954055,1,1,1,1,0,0.0021998328127062344,13.768477648917278
58,4.0,Oui,Non,Oui,Non,Oui,0.5942177359889902,0.4378719589613054,Buyenzi,1.014906921675167,684542,1,0,1,0,1,0.010427934749686295,13.436506741313906
310,6.0,Oui,Oui,Oui,Oui,Non,1.814336580078013,-1.048465014066755,Musaga,-0.8455213817127191,1663707,1,1,1,1,0,0.0021998328127062344,14.324559404195508
399,1.0,Oui,Oui,Non,Non,Oui,-1.1219933853669977,1.3320909508643661,Cibitoke,-0.4911540858293122,460153,1,1,0,0,1,0.002045157068062827,13.03931649504678
66,4.0,Oui,Oui,Non,Non,Non,0.057901760565244,-0.746364003288694,Gihosha,0.48335597785005663,1517750,1,1,0,0,0,0.002163471939768941,14.2327401918625
16,4.0,Oui,Oui,Oui,Non,Oui,0.7014809310737394,0.010545407550622872,Bwiza,1.280682393587722,772406,1,1,1,0,1,0.002013693113169553,13.557266892157264
121,2.0,Oui,Oui,Non,Non,Non,-0.8002038001127499,-0.4563470329417554,Ngagara,-1.1112968536252743,826141,1,1,0,0,0,0.002145738563213458,13.624521950560727
378,6.0,Oui,Oui,Non,Non,Oui,1.5864022905229207,-0.009237536990225018,Kinanira,-0.13678678994590535,2594250,1,1,0,0,1,0.001998321410015587,14.768808400935312
69,2.0,Oui,Oui,Oui,Non,Oui,-0.5990853093288451,-1.7735074399341018,Gihosha,-1.465664149508681,1708148,1,1,1,0,1,0.002163471939768941,14.350920886059725
164,6.0,Oui,Oui,Non,Non,Non,1.3718759003534222,0.6674687271526317,Gihosha,1.1034987456460186,2036681,1,1,0,0,0,0.002163471939768941,14.5268325710929
214,1.0,Oui,Non,Non,Non,Non,-1.7119409583331184,1.0783261018107948,Kiriri,1.3692742175585737,406192,1,0,0,0,0,0.001998321410015587,12.914583695089732
446,5.0,Oui,Oui,Non,Oui,Non,0.8489678243152696,1.2837547891398764,Kiriri,1.4578660415294256,2600000,1,1,0,1,0,0.001998321410015587,14.77102238760702
96,4.0,Oui,Oui,Oui,Non,Non,0.44673084274746,-1.1451373375157345,Rohero,0.9263150977043152,2476189,1,1,1,0,0,0.002061260667023952,14.722231646514567
33,4.0,Oui,Oui,Non,Non,Oui,0.2456123519635552,0.7158048888771216,Gihosha,-0.4911540858293122,1524598,1,1,0,0,1,0.002163471939768941,14.23724198262635
381,6.0,Oui,Oui,Non,Non,Non,0.05237272989077241,1.1629143848286518,Nyakabiga,1.280682393587722,1320592,1,1,0,0,0,0.0016361256544502618,14.09359143610763
132,5.0,Oui,Oui,Non,Non,Oui,0.7819283273873014,1.682528123366917,Rohero,-0.31397043788760876,2600000,1,1,0,0,1,0.002061260667023952,14.77102238760702
415,6.0,Oui,Oui,Oui,Non,Oui,1.6400338880652954,-1.5680787526050202,Nyakabiga,0.9263150977043152,2600000,1,1,1,0,1,0.0016361256544502618,14.77102238760702
460,6.0,Oui,Oui,Oui,Non,Oui,1.4389153972813906,0.9816537783618153,Nyakabiga,1.014906921675167,1464786,1,1,1,0,1,0.0016361256544502618,14.197220397371325
